data,value
Pass  60.000004,60.000004
Fail  40.0,40.0
